source_file,job_name,point_id,datetime_local,datetime_utc,latitude_dd,longitude_dd,ellipsoidal_elev_m,northing_m,easting_m,elevation_m,nor_min,nor_max,nor_avg,nor_sd,eas_min,eas_max,eas_avg,eas_sd,elv_min,elv_max,elv_avg,elv_sd,nrms_avg,nrms_sd,nrms_min,nrms_max,erms_avg,erms_sd,erms_min,erms_max,hrms_avg,hrms_sd,hrms_min,hrms_max,vrms_avg,vrms_sd,vrms_min,vrms_max,hdop_avg,hdop_min,hdop_max,vdop_avg,vdop_min,vdop_max,pdop_avg,pdop_min,pdop_max,age_avg,age_min,age_max,sats_avg,sats_min,sats_max,fix_hrms,fix_vrms,fix_status,fix_sats,fix_age,fix_pdop,fix_hdop,fix_vdop,fix_tdop,fix_gdop,fix_nrms,fix_erms,valid_readings_xy,valid_readings_z,g1_base_point,g1_dx,g1_dy,g1_dz,g2_vx,g2_vy,g2_vz,g3_xy,g3_xz,g3_yz,base_lat,base_lon,base_elev,rover_hr_m,projection,equipment,geoid_file,rtk_method
BICENP_12-09-2025(TDS).rw5,BP 2025-11-25 FINAL,159,2025-12-09 10:14:18,2025-11-25 18:56:52,29.202168852544,-81.0341329828,-23.795874,554643.3475,194029.429,2.6764,554643.3449,554643.349,554643.3475,0.0014,194029.4271,194029.4307,194029.429,0.0013,2.6742,2.6789,2.6764,0.0015,0.005,0.0,0.005,0.005,0.006,0.0,0.006,0.006,0.008,0.0001,0.0078,0.0082,0.0105,0.0002,0.0102,0.0108,0.6357,0.6356,0.6357,0.9992,0.9991,0.9993,1.1842,1.1841,1.1844,0.6667,0.0,1.0,23,23,23,0.008,0.011,FIXED,23,1.0,1.184,0.636,0.999,0.684,1.368,0.005,0.006,6,6,0000_BASE_1,4202.85518,2925.99925,3976.30801,5.283e-05,0.00014848,9.805e-05,-2.578e-05,2.229e-05,-7.213e-05,29.1753469711,-81.0632013205,-18.3581,2.0587,USA/NAD83(2011)/Florida (East),"Sokkia,  GRX3, SN:1468-10094, FW:5.6.2+2505070000","C:\Carlson Projects\Data\Geoids\ContinentalUS_NGS2018.gsb N24�00'00.0"" W130�00'00.0"" N58�00'00.0"" W060�00'00.0""","RTCM V3.0, Device: Data Collector GSM or Wifi, Network: NTRIP ORMD"
BICENP_12-09-2025(TDS).rw5,BP 2025-11-25 FINAL,167,2025-12-09 10:14:19,2025-12-09 15:14:26,29.201487082405,-81.033798640447,-24.19085,554433.4007,194119.5122,2.2785,554433.3985,554433.403,554433.4007,0.0023,194119.5117,194119.5127,194119.5122,0.0005,2.2766,2.2804,2.2785,0.0019,0.006,0.0,0.006,0.006,0.006,0.0,0.006,0.006,0.0083,0.0001,0.0083,0.0084,0.0131,0.0001,0.013,0.0132,0.8254,0.8254,0.8254,1.3068,1.3068,1.3068,1.5456,1.5456,1.5456,1.0,1.0,1.0,25,25,25,0.008,0.013,FIXED,25,1.0,1.546,0.825,1.307,0.939,1.809,0.006,0.006,2,2,0000_BASE_1,4307.88842,2838.75242,3793.12943,3.782e-05,0.00014343,6.011e-05,-5.98e-06,6.95e-06,-5.7e-05,29.1753469711,-81.0632013205,-18.3581,2.0587,USA/NAD83(2011)/Florida (East),"Sokkia,  GRX3, SN:1468-10094, FW:5.6.2+2505070000","C:\Carlson Projects\Data\Geoids\ContinentalUS_NGS2018.gsb N24�00'00.0"" W130�00'00.0"" N58�00'00.0"" W060�00'00.0""","RTCM V3.0, Device: Data Collector GSM or Wifi, Network: NTRIP ORMD"
BICENP_12-09-2025(TDS).rw5,BP 2025-11-25 FINAL,168,2025-12-09 10:16:13,2025-12-09 15:16:21,29.201487510079,-81.033761401893,-24.712091,554433.5272,194129.5579,1.7572,554433.5228,554433.5349,554433.5272,0.0048,194129.554,194129.5645,194129.5579,0.0042,1.7548,1.7609,1.7572,0.0023,0.0072,0.0004,0.007,0.008,0.008,0.0,0.008,0.008,0.0104,0.0002,0.0101,0.0105,0.0162,0.0002,0.0159,0.0165,0.822,0.822,0.8221,1.3081,1.3081,1.3081,1.5449,1.5449,1.545,1.0,1.0,1.0,25,25,25,0.011,0.017,FIXED,25,1.0,1.545,0.822,1.308,0.941,1.809,0.007,0.008,4,4,0000_BASE_1,4317.73192,2840.82611,3792.98883,5.841e-05,0.00021994,9.291e-05,-1.018e-05,1.112e-05,-8.72e-05,29.1753469711,-81.0632013205,-18.3581,2.0587,USA/NAD83(2011)/Florida (East),"Sokkia,  GRX3, SN:1468-10094, FW:5.6.2+2505070000","C:\Carlson Projects\Data\Geoids\ContinentalUS_NGS2018.gsb N24�00'00.0"" W130�00'00.0"" N58�00'00.0"" W060�00'00.0""","RTCM V3.0, Device: Data Collector GSM or Wifi, Network: NTRIP ORMD"
BICENP_12-09-2025(TDS).rw5,BP 2025-11-25 FINAL,169,2025-12-09 10:20:34,2025-12-09 15:20:49,29.201519651269,-81.033835516664,-23.626284,554443.433,194109.5695,2.8432,554443.4251,554443.4384,554443.433,0.0041,194109.565,194109.5728,194109.5695,0.0026,2.837,2.8456,2.8432,0.0028,0.011,0.0,0.011,0.011,0.012,0.0,0.012,0.012,0.016,0.0001,0.0159,0.0162,0.0251,0.0001,0.0249,0.0253,0.8156,0.8156,0.8157,1.3095,1.3095,1.3095,1.5427,1.5427,1.5427,0.8333,0.0,1.0,25,25,25,0.016,0.025,FIXED,25,1.0,1.543,0.816,1.309,0.944,1.809,0.011,0.012,6,6,0000_BASE_1,4297.3045,2841.59113,3802.20125,0.00011943,0.00044317,0.00018945,-2.689e-05,2.559e-05,-0.00017581,29.1753469711,-81.0632013205,-18.3581,2.0587,USA/NAD83(2011)/Florida (East),"Sokkia,  GRX3, SN:1468-10094, FW:5.6.2+2505070000","C:\Carlson Projects\Data\Geoids\ContinentalUS_NGS2018.gsb N24�00'00.0"" W130�00'00.0"" N58�00'00.0"" W060�00'00.0""","RTCM V3.0, Device: Data Collector GSM or Wifi, Network: NTRIP ORMD"
BICENP_12-09-2025(TDS).rw5,BP 2025-11-25 FINAL,170,2025-12-09 10:22:11,2025-12-09 15:22:26,29.201519833061,-81.033798621259,-24.446302,554443.4838,194119.5226,2.0232,554443.4691,554443.4909,554443.4838,0.0075,194119.5177,194119.5295,194119.5226,0.0037,2.0202,2.0272,2.0232,0.0026,0.01,0.0,0.01,0.01,0.011,0.0,0.011,0.011,0.0147,0.0001,0.0146,0.0149,0.023,0.0001,0.0229,0.0233,0.8138,0.8137,0.8138,1.3094,1.3094,1.3094,1.5417,1.5417,1.5417,1.0,1.0,1.0,25,25,25,0.015,0.023,FIXED,25,1.0,1.542,0.814,1.309,0.945,1.808,0.01,0.011,6,6,0000_BASE_1,4307.09122,2843.85371,3801.79467,0.00011919,0.00043754,0.00018868,-3.07e-05,2.735e-05,-0.00017368,29.1753469711,-81.0632013205,-18.3581,2.0587,USA/NAD83(2011)/Florida (East),"Sokkia,  GRX3, SN:1468-10094, FW:5.6.2+2505070000","C:\Carlson Projects\Data\Geoids\ContinentalUS_NGS2018.gsb N24�00'00.0"" W130�00'00.0"" N58�00'00.0"" W060�00'00.0""","RTCM V3.0, Device: Data Collector GSM or Wifi, Network: NTRIP ORMD"
BICENP_12-09-2025(TDS).rw5,BP 2025-11-25 FINAL,171,2025-12-09 10:26:37,2025-12-09 15:26:50,29.201519735693,-81.033761373464,-24.736214,554443.4486,194129.5707,1.7333,554443.4376,554443.4609,554443.4486,0.0072,194129.5577,194129.587,194129.5707,0.0099,1.7261,1.7377,1.7333,0.0037,0.007,0.0,0.007,0.007,0.008,0.0,0.008,0.008,0.0108,0.0002,0.0104,0.0109,0.0168,0.0003,0.0162,0.017,0.8102,0.8101,0.8102,1.3079,1.3079,1.308,1.5385,1.5385,1.5386,0.8333,0.0,1.0,24,24,24,0.01,0.016,FIXED,24,0.0,1.538,0.81,1.308,0.947,1.806,0.007,0.008,6,6,0000_BASE_1,4316.93572,2845.60219,3801.58048,7.636e-05,0.00027652,0.00012174,-2.283e-05,1.879e-05,-0.00010992,29.1753469711,-81.0632013205,-18.3581,2.0587,USA/NAD83(2011)/Florida (East),"Sokkia,  GRX3, SN:1468-10094, FW:5.6.2+2505070000","C:\Carlson Projects\Data\Geoids\ContinentalUS_NGS2018.gsb N24�00'00.0"" W130�00'00.0"" N58�00'00.0"" W060�00'00.0""","RTCM V3.0, Device: Data Collector GSM or Wifi, Network: NTRIP ORMD"
BICENP_12-09-2025(TDS).rw5,BP 2025-11-25 FINAL,172,2025-12-09 10:29:42,2025-12-09 15:29:57,29.201552343818,-81.03383559211,-23.998402,554453.4982,194109.5544,2.4712,554453.4931,554453.5068,554453.4982,0.0044,194109.5492,194109.5609,194109.5544,0.0042,2.469,2.4728,2.4712,0.0013,0.006,0.0,0.006,0.006,0.006,0.0,0.006,0.006,0.0081,0.0001,0.008,0.0082,0.0122,0.0001,0.012,0.0123,0.8088,0.8088,0.8088,1.3057,1.3057,1.3058,1.5359,1.5359,1.536,1.0,1.0,1.0,24,24,24,0.008,0.012,FIXED,24,1.0,1.536,0.809,1.306,0.947,1.804,0.006,0.006,6,6,0000_BASE_1,4296.53702,2846.76292,3810.74013,3.373e-05,0.00012772,5.315e-05,-8.61e-06,9.4e-06,-4.409e-05,29.1753469711,-81.0632013205,-18.3581,2.0587,USA/NAD83(2011)/Florida (East),"Sokkia,  GRX3, SN:1468-10094, FW:5.6.2+2505070000","C:\Carlson Projects\Data\Geoids\ContinentalUS_NGS2018.gsb N24�00'00.0"" W130�00'00.0"" N58�00'00.0"" W060�00'00.0""","RTCM V3.0, Device: Data Collector GSM or Wifi, Network: NTRIP ORMD"
BICENP_12-09-2025(TDS).rw5,BP 2025-11-25 FINAL,173,2025-12-09 10:32:08,2025-12-09 15:32:22,29.201552201823,-81.033798719816,-24.569703,554453.4494,194119.5011,1.8999,554453.4417,554453.4585,554453.4494,0.0053,194119.4972,194119.5054,194119.5011,0.0034,1.895,1.9054,1.8999,0.0032,0.0083,0.0005,0.008,0.009,0.009,0.0,0.009,0.009,0.0122,0.0002,0.012,0.0125,0.0189,0.0002,0.0187,0.0194,0.8084,0.8084,0.8084,1.3034,1.3034,1.3035,1.5337,1.5337,1.5338,1.0,1.0,1.0,24,24,24,0.012,0.019,FIXED,24,1.0,1.534,0.808,1.303,0.947,1.802,0.008,0.009,6,6,0000_BASE_1,4306.28948,2848.77946,3810.42211,8.342e-05,0.00029214,0.00013188,-3.176e-05,2.333e-05,-0.00011627,29.1753469711,-81.0632013205,-18.3581,2.0587,USA/NAD83(2011)/Florida (East),"Sokkia,  GRX3, SN:1468-10094, FW:5.6.2+2505070000","C:\Carlson Projects\Data\Geoids\ContinentalUS_NGS2018.gsb N24�00'00.0"" W130�00'00.0"" N58�00'00.0"" W060�00'00.0""","RTCM V3.0, Device: Data Collector GSM or Wifi, Network: NTRIP ORMD"
BICENP_12-09-2025(TDS).rw5,BP 2025-11-25 FINAL,174,2025-12-09 10:36:17,2025-12-09 15:36:32,29.201584492023,-81.033872904414,-23.077659,554463.4011,194099.494,3.3921,554463.3912,554463.4103,554463.4011,0.006,194099.48,194099.5015,194099.494,0.0082,3.3856,3.3992,3.3921,0.0041,0.006,0.0,0.006,0.006,0.006,0.0,0.006,0.006,0.0081,0.0001,0.008,0.0083,0.0125,0.0002,0.0124,0.0128,0.809,0.8089,0.809,1.2982,1.2981,1.2983,1.5296,1.5296,1.5297,0.8333,0.0,1.0,24,24,24,0.008,0.013,FIXED,24,0.0,1.53,0.809,1.298,0.946,1.798,0.006,0.006,6,6,0000_BASE_1,4285.96084,2849.19394,3819.83194,4.062e-05,0.0001401,6.445e-05,-1.717e-05,1.21e-05,-5.602e-05,29.1753469711,-81.0632013205,-18.3581,2.0587,USA/NAD83(2011)/Florida (East),"Sokkia,  GRX3, SN:1468-10094, FW:5.6.2+2505070000","C:\Carlson Projects\Data\Geoids\ContinentalUS_NGS2018.gsb N24�00'00.0"" W130�00'00.0"" N58�00'00.0"" W060�00'00.0""","RTCM V3.0, Device: Data Collector GSM or Wifi, Network: NTRIP ORMD"
BICENP_12-09-2025(TDS).rw5,BP 2025-11-25 FINAL,175,2025-12-09 10:38:09,2025-12-09 15:38:24,29.20158479448,-81.033835459202,-24.304829,554463.4889,194109.5954,2.1649,554463.4816,554463.4963,554463.4889,0.0052,194109.5885,194109.6008,194109.5954,0.004,2.1594,2.1682,2.1649,0.0028,0.008,0.0,0.008,0.008,0.008,0.0,0.008,0.008,0.0112,0.0001,0.0111,0.0113,0.0173,0.0001,0.0171,0.0174,0.8097,0.8097,0.8097,1.2954,1.2954,1.2955,1.5277,1.5276,1.5277,1.0,1.0,1.0,24,24,24,0.011,0.017,FIXED,24,1.0,1.528,0.81,1.295,0.945,1.796,0.008,0.008,6,6,0000_BASE_1,4295.77026,2851.8682,3819.29987,7.088e-05,0.0002408,0.00011172,-3.212e-05,2.184e-05,-9.621e-05,29.1753469711,-81.0632013205,-18.3581,2.0587,USA/NAD83(2011)/Florida (East),"Sokkia,  GRX3, SN:1468-10094, FW:5.6.2+2505070000","C:\Carlson Projects\Data\Geoids\ContinentalUS_NGS2018.gsb N24�00'00.0"" W130�00'00.0"" N58�00'00.0"" W060�00'00.0""","RTCM V3.0, Device: Data Collector GSM or Wifi, Network: NTRIP ORMD"
BICENP_12-09-2025(TDS).rw5,BP 2025-11-25 FINAL,176,2025-12-09 10:40:15,2025-12-09 15:40:30,29.201585135892,-81.033798297022,-24.617716,554463.5889,194119.6204,1.852,554463.5851,554463.5929,554463.5889,0.0024,194119.6139,194119.6265,194119.6204,0.005,1.8496,1.8561,1.852,0.0023,0.0083,0.0005,0.008,0.009,0.0088,0.0004,0.008,0.009,0.0121,0.0002,0.0118,0.0123,0.0186,0.0002,0.0182,0.0189,0.8109,0.8109,0.8109,1.292,1.2919,1.2921,1.5254,1.5253,1.5254,1.0,1.0,1.0,24,24,24,0.012,0.019,FIXED,24,1.0,1.525,0.811,1.292,0.944,1.794,0.009,0.009,6,6,0000_BASE_1,4305.62363,2853.74639,3819.2382,8.281e-05,0.00027996,0.0001308,-3.902e-05,2.629e-05,-0.00011028,29.1753469711,-81.0632013205,-18.3581,2.0587,USA/NAD83(2011)/Florida (East),"Sokkia,  GRX3, SN:1468-10094, FW:5.6.2+2505070000","C:\Carlson Projects\Data\Geoids\ContinentalUS_NGS2018.gsb N24�00'00.0"" W130�00'00.0"" N58�00'00.0"" W060�00'00.0""","RTCM V3.0, Device: Data Collector GSM or Wifi, Network: NTRIP ORMD"
BICENP_12-09-2025(TDS).rw5,BP 2025-11-25 FINAL,177,2025-12-09 10:42:14,2025-12-09 15:42:28,29.201616871354,-81.033873106667,-23.714424,554473.3699,194099.4446,2.7554,554473.3643,554473.3789,554473.3699,0.005,194099.44,194099.4509,194099.4446,0.0033,2.7514,2.758,2.7554,0.0023,0.008,0.0,0.008,0.008,0.008,0.0,0.008,0.008,0.0116,0.0002,0.0115,0.0119,0.0178,0.0003,0.0175,0.0182,0.8123,0.8122,0.8123,1.2885,1.2884,1.2886,1.5232,1.5231,1.5232,0.6667,0.0,1.0,24,24,24,0.012,0.018,FIXED,24,0.0,1.523,0.812,1.288,0.943,1.791,0.008,0.008,6,6,0000_BASE_1,4285.06523,2854.56172,3828.19868,7.623e-05,0.00025561,0.00012024,-3.748e-05,2.463e-05,-0.00010065,29.1753469711,-81.0632013205,-18.3581,2.0587,USA/NAD83(2011)/Florida (East),"Sokkia,  GRX3, SN:1468-10094, FW:5.6.2+2505070000","C:\Carlson Projects\Data\Geoids\ContinentalUS_NGS2018.gsb N24�00'00.0"" W130�00'00.0"" N58�00'00.0"" W060�00'00.0""","RTCM V3.0, Device: Data Collector GSM or Wifi, Network: NTRIP ORMD"
BICENP_12-09-2025(TDS).rw5,BP 2025-11-25 FINAL,178,2025-12-09 10:43:12,2025-12-09 15:43:27,29.201616683858,-81.033835342491,-24.397664,554473.3069,194109.632,2.0722,554473.297,554473.3153,554473.3069,0.0066,194109.6278,194109.6366,194109.632,0.0036,2.0694,2.0755,2.0722,0.0022,0.0088,0.0004,0.008,0.009,0.0087,0.0005,0.008,0.009,0.0123,0.0001,0.0121,0.0125,0.0185,0.0002,0.0182,0.0188,0.8131,0.813,0.8131,1.2866,1.2865,1.2867,1.522,1.522,1.5221,1.0,1.0,1.0,24,24,24,0.012,0.019,FIXED,24,1.0,1.522,0.813,1.287,0.942,1.79,0.009,0.009,6,6,0000_BASE_1,4295.04127,2856.70524,3827.8136,8.243e-05,0.0002795,0.0001309,-4.076e-05,2.717e-05,-0.00010592,29.1753469711,-81.0632013205,-18.3581,2.0587,USA/NAD83(2011)/Florida (East),"Sokkia,  GRX3, SN:1468-10094, FW:5.6.2+2505070000","C:\Carlson Projects\Data\Geoids\ContinentalUS_NGS2018.gsb N24�00'00.0"" W130�00'00.0"" N58�00'00.0"" W060�00'00.0""","RTCM V3.0, Device: Data Collector GSM or Wifi, Network: NTRIP ORMD"
BICENP_12-09-2025(TDS).rw5,BP 2025-11-25 FINAL,179,2025-12-09 10:47:16,2025-12-09 15:47:31,29.201649780093,-81.033872858004,-24.112302,554483.5016,194099.517,2.3577,554483.4898,554483.516,554483.5016,0.0082,194099.5094,194099.5212,194099.517,0.0036,2.3503,2.3697,2.3577,0.0066,0.0105,0.0005,0.01,0.011,0.01,0.0,0.01,0.01,0.0148,0.0003,0.0145,0.0153,0.0225,0.0007,0.0218,0.024,0.8171,0.817,0.8171,1.2783,1.2782,1.2784,1.5171,1.5171,1.5172,1.0,1.0,1.0,23,23,24,0.015,0.022,FIXED,24,1.0,1.517,0.817,1.278,0.939,1.784,0.01,0.01,6,6,0000_BASE_1,4284.3062,2859.8189,3836.83654,0.00011862,0.00040568,0.00019884,-6.279e-05,3.856e-05,-0.00015914,29.1753469711,-81.0632013205,-18.3581,2.0587,USA/NAD83(2011)/Florida (East),"Sokkia,  GRX3, SN:1468-10094, FW:5.6.2+2505070000","C:\Carlson Projects\Data\Geoids\ContinentalUS_NGS2018.gsb N24�00'00.0"" W130�00'00.0"" N58�00'00.0"" W060�00'00.0""","RTCM V3.0, Device: Data Collector GSM or Wifi, Network: NTRIP ORMD"
BICENP_12-09-2025(TDS).rw5,BP 2025-11-25 FINAL,180,2025-12-09 10:48:40,2025-12-09 15:48:55,29.201649336231,-81.033835638075,-24.503053,554483.3597,194109.5575,1.967,554483.3552,554483.3647,554483.3597,0.0044,194109.5548,194109.5602,194109.5575,0.0016,1.9639,1.9704,1.967,0.0027,0.012,0.0,0.012,0.012,0.012,0.0,0.012,0.012,0.0166,0.0001,0.0166,0.0168,0.0251,0.0001,0.025,0.0253,0.8187,0.8186,0.8187,1.2752,1.2751,1.2753,1.5154,1.5153,1.5154,1.0,1.0,1.0,24,24,24,0.017,0.025,FIXED,24,1.0,1.515,0.819,1.275,0.937,1.782,0.012,0.012,6,6,0000_BASE_1,4294.18281,2861.64952,3836.52596,0.00015311,0.00051316,0.00024163,-8.527e-05,5.216e-05,-0.00019276,29.1753469711,-81.0632013205,-18.3581,2.0587,USA/NAD83(2011)/Florida (East),"Sokkia,  GRX3, SN:1468-10094, FW:5.6.2+2505070000","C:\Carlson Projects\Data\Geoids\ContinentalUS_NGS2018.gsb N24�00'00.0"" W130�00'00.0"" N58�00'00.0"" W060�00'00.0""","RTCM V3.0, Device: Data Collector GSM or Wifi, Network: NTRIP ORMD"
BICENP_12-09-2025(TDS).rw5,BP 2025-11-25 FINAL,181,2025-12-09 10:50:27,2025-12-09 15:50:41,29.201682009553,-81.033910693182,-23.447906,554493.4295,194089.3156,3.0222,554493.4257,554493.4322,554493.4295,0.0023,194089.3094,194089.3219,194089.3156,0.0042,3.0201,3.0241,3.0222,0.0014,0.006,0.0,0.006,0.006,0.006,0.0,0.006,0.006,0.0085,0.0002,0.0081,0.0086,0.0125,0.0002,0.0119,0.0126,0.841,0.8208,0.8813,1.2946,1.2711,1.3413,1.5437,1.5131,1.6049,1.0,1.0,1.0,23,23,24,0.008,0.012,FIXED,23,1.0,1.605,0.881,1.341,0.937,1.858,0.006,0.006,6,6,0000_BASE_1,4273.55761,2862.46362,3845.81255,3.529e-05,0.00012907,6.269e-05,-1.917e-05,1.17e-05,-4.508e-05,29.1753469711,-81.0632013205,-18.3581,2.0587,USA/NAD83(2011)/Florida (East),"Sokkia,  GRX3, SN:1468-10094, FW:5.6.2+2505070000","C:\Carlson Projects\Data\Geoids\ContinentalUS_NGS2018.gsb N24�00'00.0"" W130�00'00.0"" N58�00'00.0"" W060�00'00.0""","RTCM V3.0, Device: Data Collector GSM or Wifi, Network: NTRIP ORMD"
BICENP_12-09-2025(TDS).rw5,BP 2025-11-25 FINAL,182,2025-12-09 10:51:36,2025-12-09 15:51:51,29.201681618854,-81.033873045593,-24.444602,554493.304,194099.4715,2.0256,554493.2972,554493.3086,554493.304,0.004,194099.4666,194099.4776,194099.4715,0.0043,2.022,2.0291,2.0256,0.0025,0.0092,0.0004,0.009,0.01,0.0093,0.0005,0.009,0.01,0.0133,0.0001,0.0132,0.0134,0.0196,0.0001,0.0194,0.0198,0.7854,0.7854,0.7855,1.1779,1.1778,1.1779,1.4157,1.4156,1.4158,1.0,1.0,1.0,25,25,25,0.013,0.02,FIXED,25,1.0,1.416,0.786,1.178,0.81,1.631,0.009,0.009,6,6,0000_BASE_1,4283.46487,2864.84188,3845.21934,9.977e-05,0.00032475,0.00013455,-5.397e-05,2.856e-05,-0.00010817,29.1753469711,-81.0632013205,-18.3581,2.0587,USA/NAD83(2011)/Florida (East),"Sokkia,  GRX3, SN:1468-10094, FW:5.6.2+2505070000","C:\Carlson Projects\Data\Geoids\ContinentalUS_NGS2018.gsb N24�00'00.0"" W130�00'00.0"" N58�00'00.0"" W060�00'00.0""","RTCM V3.0, Device: Data Collector GSM or Wifi, Network: NTRIP ORMD"
BICENP_12-09-2025(TDS).rw5,BP 2025-11-25 FINAL,183,2025-12-09 10:52:47,2025-12-09 15:53:02,29.201681750898,-81.033835790998,-24.724395,554493.3394,194109.5214,1.7458,554493.3231,554493.3717,554493.3394,0.0159,194109.5075,194109.5312,194109.5214,0.0079,1.7436,1.7475,1.7458,0.0014,0.01,0.0,0.01,0.01,0.01,0.0,0.01,0.01,0.0138,0.0001,0.0136,0.0139,0.0203,0.0002,0.02,0.0204,0.7868,0.7868,0.7869,1.1796,1.1795,1.1796,1.4179,1.4178,1.418,0.8333,0.0,1.0,25,25,25,0.014,0.02,FIXED,25,1.0,1.418,0.787,1.18,0.813,1.634,0.01,0.01,6,6,0000_BASE_1,4293.35224,2866.66422,3845.1177,0.00010691,0.00035228,0.00014359,-5.932e-05,3.097e-05,-0.00011454,29.1753469711,-81.0632013205,-18.3581,2.0587,USA/NAD83(2011)/Florida (East),"Sokkia,  GRX3, SN:1468-10094, FW:5.6.2+2505070000","C:\Carlson Projects\Data\Geoids\ContinentalUS_NGS2018.gsb N24�00'00.0"" W130�00'00.0"" N58�00'00.0"" W060�00'00.0""","RTCM V3.0, Device: Data Collector GSM or Wifi, Network: NTRIP ORMD"
BICENP_12-09-2025(TDS).rw5,BP 2025-11-25 FINAL,184,2025-12-09 10:55:06,2025-12-09 15:55:21,29.201714779123,-81.03390981433,-23.994123,554503.5183,194089.5579,2.4762,554503.5094,554503.5286,554503.5183,0.0071,194089.5539,194089.5614,194089.5579,0.0028,2.4695,2.4814,2.4762,0.0046,0.006,0.0,0.006,0.006,0.007,0.0,0.007,0.007,0.0091,0.0001,0.009,0.0094,0.0134,0.0002,0.0132,0.0139,0.7898,0.7897,0.7898,1.1826,1.1826,1.1827,1.4221,1.422,1.4222,0.8333,0.0,1.0,25,25,25,0.009,0.013,FIXED,25,1.0,1.422,0.79,1.183,0.818,1.64,0.006,0.007,6,6,0000_BASE_1,4272.9497,2867.85425,3854.34036,5.017e-05,0.00015107,6.236e-05,-2.96e-05,1.548e-05,-5.163e-05,29.1753469711,-81.0632013205,-18.3581,2.0587,USA/NAD83(2011)/Florida (East),"Sokkia,  GRX3, SN:1468-10094, FW:5.6.2+2505070000","C:\Carlson Projects\Data\Geoids\ContinentalUS_NGS2018.gsb N24�00'00.0"" W130�00'00.0"" N58�00'00.0"" W060�00'00.0""","RTCM V3.0, Device: Data Collector GSM or Wifi, Network: NTRIP ORMD"
BICENP_12-09-2025(TDS).rw5,BP 2025-11-25 FINAL,185,2025-12-09 10:55:47,2025-12-09 15:56:02,29.201714674096,-81.033872574549,-24.554483,554503.4808,194099.6038,1.9158,554503.4749,554503.4879,554503.4808,0.0052,194099.6005,194099.6074,194099.6038,0.0026,1.9111,1.9188,1.9158,0.0032,0.0067,0.0005,0.006,0.007,0.007,0.0,0.007,0.007,0.0095,0.0002,0.0092,0.0098,0.014,0.0003,0.0136,0.0144,0.7907,0.7906,0.7908,1.1835,1.1834,1.1835,1.4233,1.4232,1.4234,1.0,1.0,1.0,25,25,25,0.01,0.014,FIXED,25,1.0,1.423,0.791,1.184,0.819,1.642,0.007,0.007,6,6,0000_BASE_1,4282.80067,2869.88223,3854.03762,5.423e-05,0.00016297,6.749e-05,-3.226e-05,1.683e-05,-5.58e-05,29.1753469711,-81.0632013205,-18.3581,2.0587,USA/NAD83(2011)/Florida (East),"Sokkia,  GRX3, SN:1468-10094, FW:5.6.2+2505070000","C:\Carlson Projects\Data\Geoids\ContinentalUS_NGS2018.gsb N24�00'00.0"" W130�00'00.0"" N58�00'00.0"" W060�00'00.0""","RTCM V3.0, Device: Data Collector GSM or Wifi, Network: NTRIP ORMD"
BICENP_12-09-2025(TDS).rw5,BP 2025-11-25 FINAL,186,2025-12-09 10:58:08,2025-12-09 15:58:21,29.20174695891,-81.033947260488,-23.277968,554513.4309,194079.4615,3.1925,554513.4232,554513.4376,554513.4309,0.0047,194079.4573,194079.4673,194079.4615,0.0037,3.1895,3.1975,3.1925,0.0027,0.006,0.0,0.006,0.006,0.006,0.0,0.006,0.006,0.0084,0.0002,0.0082,0.0087,0.0125,0.0003,0.0122,0.0129,0.7941,0.794,0.7942,1.186,1.186,1.1861,1.4273,1.4272,1.4274,0.8333,0.0,1.0,25,25,25,0.009,0.013,FIXED,25,0.0,1.427,0.794,1.186,0.824,1.648,0.006,0.006,6,6,0000_BASE_1,4262.31298,2870.46335,3863.32839,4.212e-05,0.00012767,5.602e-05,-2.632e-05,1.373e-05,-4.583e-05,29.1753469711,-81.0632013205,-18.3581,2.0587,USA/NAD83(2011)/Florida (East),"Sokkia,  GRX3, SN:1468-10094, FW:5.6.2+2505070000","C:\Carlson Projects\Data\Geoids\ContinentalUS_NGS2018.gsb N24�00'00.0"" W130�00'00.0"" N58�00'00.0"" W060�00'00.0""","RTCM V3.0, Device: Data Collector GSM or Wifi, Network: NTRIP ORMD"
BICENP_12-09-2025(TDS).rw5,BP 2025-11-25 FINAL,187,2025-12-09 10:59:34,2025-12-09 15:59:49,29.201747441816,-81.033909396964,-24.367914,554513.5743,194089.6758,2.1025,554513.5663,554513.5819,554513.5743,0.0051,194089.6703,194089.6844,194089.6758,0.005,2.0993,2.109,2.1025,0.0032,0.0065,0.0005,0.006,0.007,0.007,0.0,0.007,0.007,0.0095,0.0002,0.0093,0.01,0.014,0.0003,0.0137,0.0147,0.7964,0.7963,0.7965,1.1874,1.1874,1.1875,1.4298,1.4297,1.4299,0.8333,0.0,1.0,25,25,25,0.009,0.014,FIXED,25,1.0,1.43,0.796,1.187,0.827,1.652,0.006,0.007,6,6,0000_BASE_1,4272.24466,2873.06113,3862.92396,5.522e-05,0.00016414,6.773e-05,-3.48e-05,1.751e-05,-5.597e-05,29.1753469711,-81.0632013205,-18.3581,2.0587,USA/NAD83(2011)/Florida (East),"Sokkia,  GRX3, SN:1468-10094, FW:5.6.2+2505070000","C:\Carlson Projects\Data\Geoids\ContinentalUS_NGS2018.gsb N24�00'00.0"" W130�00'00.0"" N58�00'00.0"" W060�00'00.0""","RTCM V3.0, Device: Data Collector GSM or Wifi, Network: NTRIP ORMD"
BICENP_12-09-2025(TDS).rw5,BP 2025-11-25 FINAL,188,2025-12-09 11:01:07,2025-12-09 16:01:22,29.201779409021,-81.033947508288,-23.890851,554523.4215,194079.3999,2.5797,554523.4191,554523.424,554523.4215,0.0016,194079.3953,194079.4035,194079.3999,0.0029,2.5753,2.5829,2.5797,0.0027,0.008,0.0,0.008,0.008,0.008,0.0,0.008,0.008,0.0111,0.0001,0.011,0.0112,0.0169,0.0001,0.0168,0.017,0.819,0.8189,0.819,1.2867,1.2865,1.2868,1.5252,1.525,1.5253,0.8333,0.0,1.0,24,24,24,0.011,0.017,FIXED,24,1.0,1.525,0.819,1.287,0.882,1.762,0.008,0.008,6,6,0000_BASE_1,4261.40328,2875.81658,3871.73777,7.285e-05,0.00022907,0.00010533,-4.589e-05,2.182e-05,-8.833e-05,29.1753469711,-81.0632013205,-18.3581,2.0587,USA/NAD83(2011)/Florida (East),"Sokkia,  GRX3, SN:1468-10094, FW:5.6.2+2505070000","C:\Carlson Projects\Data\Geoids\ContinentalUS_NGS2018.gsb N24�00'00.0"" W130�00'00.0"" N58�00'00.0"" W060�00'00.0""","RTCM V3.0, Device: Data Collector GSM or Wifi, Network: NTRIP ORMD"
BICENP_12-09-2025(TDS).rw5,BP 2025-11-25 FINAL,189,2025-12-09 11:02:13,2025-12-09 16:02:28,29.20177921404,-81.033909712652,-24.391031,554523.3562,194089.5957,2.0796,554523.3463,554523.3719,554523.3562,0.0082,194089.5822,194089.6059,194089.5957,0.0083,2.0771,2.0826,2.0796,0.0019,0.007,0.0,0.007,0.007,0.007,0.0,0.007,0.007,0.0102,0.0001,0.01,0.0103,0.0155,0.0002,0.0153,0.0157,0.8204,0.8203,0.8204,1.2903,1.2901,1.2904,1.529,1.5288,1.5291,1.0,1.0,1.0,24,24,24,0.01,0.016,FIXED,24,1.0,1.529,0.82,1.29,0.886,1.767,0.007,0.007,6,6,0000_BASE_1,4271.41263,2877.80261,3871.44037,6.185e-05,0.0001936,8.89e-05,-3.96e-05,1.891e-05,-7.456e-05,29.1753469711,-81.0632013205,-18.3581,2.0587,USA/NAD83(2011)/Florida (East),"Sokkia,  GRX3, SN:1468-10094, FW:5.6.2+2505070000","C:\Carlson Projects\Data\Geoids\ContinentalUS_NGS2018.gsb N24�00'00.0"" W130�00'00.0"" N58�00'00.0"" W060�00'00.0""","RTCM V3.0, Device: Data Collector GSM or Wifi, Network: NTRIP ORMD"
BICENP_12-09-2025(TDS).rw5,BP 2025-11-25 FINAL,190,2025-12-09 11:04:14,2025-12-09 16:04:28,29.201812069477,-81.033947417037,-24.329258,554533.4769,194079.4298,2.1415,554533.4689,554533.4855,554533.4769,0.0053,194079.4251,194079.4349,194079.4298,0.0035,2.1381,2.1441,2.1415,0.0022,0.007,0.0,0.007,0.007,0.007,0.0,0.007,0.007,0.0099,0.0002,0.0096,0.0102,0.0151,0.0003,0.0147,0.0156,0.8231,0.8231,0.8232,1.2966,1.2965,1.2968,1.5359,1.5357,1.536,0.8333,0.0,1.0,24,24,24,0.01,0.015,FIXED,24,1.0,1.536,0.823,1.297,0.892,1.776,0.007,0.007,6,6,0000_BASE_1,4260.60263,2881.06513,3880.2891,5.904e-05,0.00018385,8.354e-05,-3.922e-05,1.857e-05,-7.028e-05,29.1753469711,-81.0632013205,-18.3581,2.0587,USA/NAD83(2011)/Florida (East),"Sokkia,  GRX3, SN:1468-10094, FW:5.6.2+2505070000","C:\Carlson Projects\Data\Geoids\ContinentalUS_NGS2018.gsb N24�00'00.0"" W130�00'00.0"" N58�00'00.0"" W060�00'00.0""","RTCM V3.0, Device: Data Collector GSM or Wifi, Network: NTRIP ORMD"
BICENP_12-09-2025(TDS).rw5,BP 2025-11-25 FINAL,191,2025-12-09 11:05:27,2025-12-09 16:05:42,29.201811758067,-81.033909544969,-24.298451,554533.3757,194089.6461,2.1723,554533.3722,554533.3822,554533.3757,0.0033,194089.6391,194089.651,194089.6461,0.0036,2.1689,2.1755,2.1723,0.0025,0.009,0.0,0.009,0.009,0.009,0.0,0.009,0.009,0.0132,0.0001,0.013,0.0133,0.0201,0.0002,0.0199,0.0204,0.825,0.8249,0.8251,1.3005,1.3003,1.3006,1.5401,1.5399,1.5402,1.0,1.0,1.0,24,24,24,0.013,0.02,FIXED,24,1.0,1.54,0.825,1.301,0.896,1.782,0.009,0.009,6,6,0000_BASE_1,4270.707,2882.57976,3880.22061,0.00010516,0.00032648,0.00014722,-7.146e-05,3.357e-05,-0.00012417,29.1753469711,-81.0632013205,-18.3581,2.0587,USA/NAD83(2011)/Florida (East),"Sokkia,  GRX3, SN:1468-10094, FW:5.6.2+2505070000","C:\Carlson Projects\Data\Geoids\ContinentalUS_NGS2018.gsb N24�00'00.0"" W130�00'00.0"" N58�00'00.0"" W060�00'00.0""","RTCM V3.0, Device: Data Collector GSM or Wifi, Network: NTRIP ORMD"
BICENP_12-09-2025(TDS).rw5,BP 2025-11-25 FINAL,192,2025-12-09 11:07:12,2025-12-09 16:07:27,29.201844181806,-81.03398415638,-23.785495,554543.3686,194069.5241,2.6854,554543.3585,554543.3796,554543.3686,0.0079,194069.518,194069.5272,194069.5241,0.0029,2.683,2.6891,2.6854,0.0023,0.0063,0.0005,0.006,0.007,0.007,0.0,0.007,0.007,0.0092,0.0003,0.0087,0.0096,0.014,0.0004,0.0133,0.0146,0.8278,0.8277,0.8279,1.3056,1.3055,1.3057,1.5459,1.5458,1.5461,0.8333,0.0,1.0,23,23,23,0.009,0.013,FIXED,23,0.0,1.546,0.828,1.306,0.902,1.79,0.006,0.007,6,6,0000_BASE_1,4250.13253,2883.84233,3889.17453,5.107e-05,0.00015809,7.162e-05,-3.489e-05,1.641e-05,-6.036e-05,29.1753469711,-81.0632013205,-18.3581,2.0587,USA/NAD83(2011)/Florida (East),"Sokkia,  GRX3, SN:1468-10094, FW:5.6.2+2505070000","C:\Carlson Projects\Data\Geoids\ContinentalUS_NGS2018.gsb N24�00'00.0"" W130�00'00.0"" N58�00'00.0"" W060�00'00.0""","RTCM V3.0, Device: Data Collector GSM or Wifi, Network: NTRIP ORMD"
BICENP_12-09-2025(TDS).rw5,BP 2025-11-25 FINAL,193,2025-12-09 11:09:33,2025-12-09 16:09:48,29.201844350405,-81.033947132605,-24.498799,554543.4153,194079.5117,1.9721,554543.4135,554543.4176,554543.4153,0.0016,194079.502,194079.5196,194079.5117,0.0054,1.9666,1.9759,1.9721,0.0035,0.008,0.0,0.008,0.008,0.008,0.0,0.008,0.008,0.0111,0.0003,0.0109,0.0117,0.017,0.0004,0.0167,0.0179,0.8318,0.8317,0.8319,1.3121,1.312,1.3122,1.5535,1.5534,1.5537,0.8333,0.0,1.0,23,23,23,0.011,0.017,FIXED,23,1.0,1.554,0.832,1.312,0.909,1.8,0.008,0.008,6,6,0000_BASE_1,4259.89878,2886.0337,3888.87028,7.537e-05,0.000232,0.00010399,-5.35e-05,2.495e-05,-8.804e-05,29.1753469711,-81.0632013205,-18.3581,2.0587,USA/NAD83(2011)/Florida (East),"Sokkia,  GRX3, SN:1468-10094, FW:5.6.2+2505070000","C:\Carlson Projects\Data\Geoids\ContinentalUS_NGS2018.gsb N24�00'00.0"" W130�00'00.0"" N58�00'00.0"" W060�00'00.0""","RTCM V3.0, Device: Data Collector GSM or Wifi, Network: NTRIP ORMD"
BICENP_12-09-2025(TDS).rw5,BP 2025-11-25 FINAL,194,2025-12-09 11:11:21,2025-12-09 16:11:31,29.201876701572,-81.033984196493,-24.189078,554553.3806,194069.5185,2.2819,554553.3756,554553.3852,554553.3806,0.0033,194069.5114,194069.5256,194069.5185,0.005,2.2802,2.2832,2.2819,0.001,0.0105,0.0005,0.01,0.011,0.0105,0.0005,0.01,0.011,0.0149,0.0008,0.0137,0.016,0.0227,0.0012,0.021,0.0244,0.8348,0.8348,0.8348,1.3163,1.3163,1.3163,1.5587,1.5587,1.5587,5.5,3.0,8.0,23,23,23,0.016,0.024,FIXED,23,8.0,1.559,0.835,1.316,0.914,1.807,0.011,0.011,6,6,0000_BASE_1,4249.3049,2889.03445,3897.70513,0.00013444,0.00041199,0.00019229,-9.1e-05,4.486e-05,-0.00016114,29.1753469711,-81.0632013205,-18.3581,2.0587,USA/NAD83(2011)/Florida (East),"Sokkia,  GRX3, SN:1468-10094, FW:5.6.2+2505070000","C:\Carlson Projects\Data\Geoids\ContinentalUS_NGS2018.gsb N24�00'00.0"" W130�00'00.0"" N58�00'00.0"" W060�00'00.0""","RTCM V3.0, Device: Data Collector GSM or Wifi, Network: NTRIP ORMD"
BICENP_12-09-2025(TDS).rw5,BP 2025-11-25 FINAL,195,2025-12-09 11:11:59,2025-12-09 16:12:14,29.201877035886,-81.033946337521,-24.389284,554553.4782,194079.7314,2.0817,554553.4705,554553.4834,554553.4782,0.0045,194079.721,194079.741,194079.7314,0.0066,2.0741,2.0881,2.0817,0.0042,0.01,0.0,0.01,0.01,0.01,0.0,0.01,0.01,0.0143,0.0001,0.0142,0.0146,0.022,0.0002,0.0218,0.0224,0.8363,0.8362,0.8364,1.3181,1.318,1.3183,1.5611,1.5609,1.5612,1.0,1.0,1.0,23,23,23,0.014,0.022,FIXED,23,1.0,1.561,0.836,1.318,0.916,1.81,0.01,0.01,6,6,0000_BASE_1,4259.35934,2890.84367,3897.69677,0.00012771,0.0003906,0.00017082,-9.5e-05,4.345e-05,-0.00014596,29.1753469711,-81.0632013205,-18.3581,2.0587,USA/NAD83(2011)/Florida (East),"Sokkia,  GRX3, SN:1468-10094, FW:5.6.2+2505070000","C:\Carlson Projects\Data\Geoids\ContinentalUS_NGS2018.gsb N24�00'00.0"" W130�00'00.0"" N58�00'00.0"" W060�00'00.0""","RTCM V3.0, Device: Data Collector GSM or Wifi, Network: NTRIP ORMD"
BICENP_12-09-2025(TDS).rw5,BP 2025-11-25 FINAL,196,2025-12-09 11:13:17,2025-12-09 16:13:32,29.201909822515,-81.034020459594,-23.310815,554563.5828,194059.7414,3.1603,554563.5776,554563.589,554563.5828,0.004,194059.7371,194059.7473,194059.7414,0.0039,3.1576,3.163,3.1603,0.0019,0.008,0.0,0.008,0.008,0.0087,0.0005,0.008,0.009,0.0118,0.0001,0.0117,0.012,0.0182,0.0002,0.018,0.0184,0.8389,0.8388,0.839,1.3211,1.321,1.3212,1.5649,1.5648,1.565,1.0,1.0,1.0,23,23,23,0.012,0.018,FIXED,23,1.0,1.565,0.839,1.321,0.92,1.815,0.008,0.008,6,6,0000_BASE_1,4238.9834,2891.69392,3907.02516,8.732e-05,0.00026617,0.00011627,-6.561e-05,3.008e-05,-9.953e-05,29.1753469711,-81.0632013205,-18.3581,2.0587,USA/NAD83(2011)/Florida (East),"Sokkia,  GRX3, SN:1468-10094, FW:5.6.2+2505070000","C:\Carlson Projects\Data\Geoids\ContinentalUS_NGS2018.gsb N24�00'00.0"" W130�00'00.0"" N58�00'00.0"" W060�00'00.0""","RTCM V3.0, Device: Data Collector GSM or Wifi, Network: NTRIP ORMD"
BICENP_12-09-2025(TDS).rw5,BP 2025-11-25 FINAL,197,2025-12-09 11:13:56,2025-12-09 16:14:11,29.201908959028,-81.033983789555,-24.493062,554563.3118,194069.6334,1.9781,554563.3078,554563.3175,554563.3118,0.0032,194069.6283,194069.6433,194069.6334,0.0048,1.9724,1.9866,1.9781,0.005,0.0078,0.0004,0.007,0.008,0.0082,0.0004,0.008,0.009,0.0113,0.0003,0.0108,0.0117,0.0175,0.0005,0.0166,0.018,0.8402,0.8401,0.8402,1.3225,1.3224,1.3225,1.5668,1.5667,1.5669,1.0,1.0,1.0,23,23,23,0.012,0.018,FIXED,23,1.0,1.567,0.84,1.323,0.922,1.818,0.008,0.009,6,6,0000_BASE_1,4248.61604,2894.12046,3906.21413,8.09e-05,0.0002463,0.00010692,-6.151e-05,2.806e-05,-9.177e-05,29.1753469711,-81.0632013205,-18.3581,2.0587,USA/NAD83(2011)/Florida (East),"Sokkia,  GRX3, SN:1468-10094, FW:5.6.2+2505070000","C:\Carlson Projects\Data\Geoids\ContinentalUS_NGS2018.gsb N24�00'00.0"" W130�00'00.0"" N58�00'00.0"" W060�00'00.0""","RTCM V3.0, Device: Data Collector GSM or Wifi, Network: NTRIP ORMD"
BICENP_12-09-2025(TDS).rw5,BP 2025-11-25 FINAL,198,2025-12-09 11:16:55,2025-12-09 16:17:10,29.201942030757,-81.034021435995,-24.079809,554573.4991,194059.4832,2.3915,554573.4857,554573.5097,554573.4991,0.0089,194059.48,194059.4889,194059.4832,0.0028,2.388,2.3947,2.3915,0.0024,0.008,0.0,0.008,0.008,0.008,0.0,0.008,0.008,0.0116,0.0001,0.0115,0.0117,0.018,0.0002,0.0178,0.0181,0.8463,0.8462,0.8464,1.3279,1.3279,1.328,1.5747,1.5746,1.5748,0.8333,0.0,1.0,23,23,23,0.012,0.018,FIXED,23,0.0,1.575,0.846,1.328,0.929,1.828,0.008,0.008,6,6,0000_BASE_1,4237.86406,2897.11507,3915.2931,8.625e-05,0.00026091,0.00011199,-6.76e-05,3.071e-05,-9.685e-05,29.1753469711,-81.0632013205,-18.3581,2.0587,USA/NAD83(2011)/Florida (East),"Sokkia,  GRX3, SN:1468-10094, FW:5.6.2+2505070000","C:\Carlson Projects\Data\Geoids\ContinentalUS_NGS2018.gsb N24�00'00.0"" W130�00'00.0"" N58�00'00.0"" W060�00'00.0""","RTCM V3.0, Device: Data Collector GSM or Wifi, Network: NTRIP ORMD"
BICENP_12-09-2025(TDS).rw5,BP 2025-11-25 FINAL,199,2025-12-09 11:18:04,2025-12-09 16:18:19,29.201941832409,-81.033984425694,-24.510947,554573.4328,194069.4671,1.9603,554573.4277,554573.4388,554573.4328,0.0043,194069.4638,194069.471,194069.4671,0.0028,1.9553,1.9644,1.9603,0.0032,0.0047,0.0005,0.004,0.005,0.005,0.0,0.005,0.005,0.0067,0.0004,0.0062,0.0075,0.0103,0.0006,0.0096,0.0115,0.8487,0.8486,0.8488,1.3296,1.3296,1.3297,1.5774,1.5773,1.5775,0.8333,0.0,1.0,23,23,23,0.007,0.01,FIXED,23,1.0,1.578,0.849,1.33,0.932,1.832,0.005,0.005,6,6,0000_BASE_1,4247.67352,2899.00818,3915.02861,2.825e-05,8.513e-05,3.727e-05,-2.177e-05,1.015e-05,-3.21e-05,29.1753469711,-81.0632013205,-18.3581,2.0587,USA/NAD83(2011)/Florida (East),"Sokkia,  GRX3, SN:1468-10094, FW:5.6.2+2505070000","C:\Carlson Projects\Data\Geoids\ContinentalUS_NGS2018.gsb N24�00'00.0"" W130�00'00.0"" N58�00'00.0"" W060�00'00.0""","RTCM V3.0, Device: Data Collector GSM or Wifi, Network: NTRIP ORMD"
BICENP_12-09-2025(TDS).rw5,BP 2025-11-25 FINAL,200,2025-12-09 11:19:11,2025-12-09 16:19:26,29.201974482309,-81.034021614752,-24.413993,554583.4901,194059.4402,2.0574,554583.4833,554583.4946,554583.4901,0.0038,194059.4369,194059.4439,194059.4402,0.0023,2.0543,2.0603,2.0574,0.0022,0.007,0.0,0.007,0.007,0.0077,0.0005,0.007,0.008,0.0105,0.0001,0.0104,0.0106,0.0163,0.0001,0.0161,0.0164,0.8511,0.851,0.8511,1.3311,1.331,1.3311,1.5799,1.5798,1.58,0.8333,0.0,1.0,23,23,23,0.011,0.016,FIXED,23,0.0,1.58,0.851,1.331,0.934,1.835,0.007,0.008,6,6,0000_BASE_1,4237.01048,2902.23149,3923.83938,7.098e-05,0.00021376,9.096e-05,-5.682e-05,2.573e-05,-7.917e-05,29.1753469711,-81.0632013205,-18.3581,2.0587,USA/NAD83(2011)/Florida (East),"Sokkia,  GRX3, SN:1468-10094, FW:5.6.2+2505070000","C:\Carlson Projects\Data\Geoids\ContinentalUS_NGS2018.gsb N24�00'00.0"" W130�00'00.0"" N58�00'00.0"" W060�00'00.0""","RTCM V3.0, Device: Data Collector GSM or Wifi, Network: NTRIP ORMD"
BICENP_12-09-2025(TDS).rw5,BP 2025-11-25 FINAL,201,2025-12-09 11:20:57,2025-12-09 16:21:12,29.201974499241,-81.033984200148,-24.313401,554583.49,194069.5332,2.158,554583.4868,554583.4915,554583.49,0.0015,194069.5244,194069.5374,194069.5332,0.0042,2.1533,2.1623,2.158,0.003,0.0055,0.0005,0.005,0.006,0.006,0.0,0.006,0.006,0.0079,0.0002,0.0078,0.0083,0.0123,0.0002,0.0121,0.0128,0.8549,0.8548,0.855,1.3329,1.3328,1.3329,1.5835,1.5834,1.5836,0.6667,0.0,1.0,23,23,23,0.008,0.012,FIXED,23,1.0,1.584,0.855,1.333,0.937,1.84,0.005,0.006,6,6,0000_BASE_1,4246.99465,2903.71573,3923.89321,4.074e-05,0.00012229,5.18e-05,-3.304e-05,1.497e-05,-4.529e-05,29.1753469711,-81.0632013205,-18.3581,2.0587,USA/NAD83(2011)/Florida (East),"Sokkia,  GRX3, SN:1468-10094, FW:5.6.2+2505070000","C:\Carlson Projects\Data\Geoids\ContinentalUS_NGS2018.gsb N24�00'00.0"" W130�00'00.0"" N58�00'00.0"" W060�00'00.0""","RTCM V3.0, Device: Data Collector GSM or Wifi, Network: NTRIP ORMD"
BICENP_12-09-2025(TDS).rw5,BP 2025-11-25 FINAL,202,2025-12-09 11:23:27,2025-12-09 16:23:42,29.202007448653,-81.034058236042,-23.92829,554593.6448,194049.5666,2.5433,554593.6401,554593.6497,554593.6448,0.0037,194049.562,194049.571,194049.5666,0.0032,2.5405,2.5459,2.5433,0.0018,0.007,0.0,0.007,0.007,0.0072,0.0004,0.007,0.008,0.0102,0.0001,0.01,0.0103,0.0158,0.0002,0.0156,0.016,0.8603,0.8602,0.8604,1.3344,1.3344,1.3344,1.5877,1.5876,1.5877,0.8333,0.0,1.0,23,23,23,0.01,0.016,FIXED,23,1.0,1.588,0.86,1.334,0.942,1.846,0.007,0.007,6,6,0000_BASE_1,4226.544,2905.19102,3932.92554,6.758e-05,0.00020223,8.386e-05,-5.664e-05,2.525e-05,-7.423e-05,29.1753469711,-81.0632013205,-18.3581,2.0587,USA/NAD83(2011)/Florida (East),"Sokkia,  GRX3, SN:1468-10094, FW:5.6.2+2505070000","C:\Carlson Projects\Data\Geoids\ContinentalUS_NGS2018.gsb N24�00'00.0"" W130�00'00.0"" N58�00'00.0"" W060�00'00.0""","RTCM V3.0, Device: Data Collector GSM or Wifi, Network: NTRIP ORMD"
BICENP_12-09-2025(TDS).rw5,BP 2025-11-25 FINAL,203,2025-12-09 11:24:27,2025-12-09 16:24:42,29.202006868223,-81.034021006589,-24.466822,554593.4608,194059.6095,2.0047,554593.4561,554593.4685,554593.4608,0.0052,194059.601,194059.6197,194059.6095,0.0079,1.9983,2.0093,2.0047,0.0035,0.0063,0.0005,0.006,0.007,0.007,0.0,0.007,0.007,0.0094,0.0001,0.0093,0.0096,0.0146,0.0002,0.0144,0.0149,0.8625,0.8624,0.8626,1.3346,1.3346,1.3346,1.589,1.589,1.5891,1.0,1.0,1.0,23,23,24,0.009,0.014,FIXED,23,1.0,1.589,0.863,1.335,0.943,1.848,0.006,0.007,6,6,0000_BASE_1,4236.40626,2907.12883,3932.50589,5.742e-05,0.00017103,7.136e-05,-4.795e-05,2.154e-05,-6.305e-05,29.1753469711,-81.0632013205,-18.3581,2.0587,USA/NAD83(2011)/Florida (East),"Sokkia,  GRX3, SN:1468-10094, FW:5.6.2+2505070000","C:\Carlson Projects\Data\Geoids\ContinentalUS_NGS2018.gsb N24�00'00.0"" W130�00'00.0"" N58�00'00.0"" W060�00'00.0""","RTCM V3.0, Device: Data Collector GSM or Wifi, Network: NTRIP ORMD"
BICENP_12-09-2025(TDS).rw5,BP 2025-11-25 FINAL,204,2025-12-09 11:25:27,2025-12-09 16:25:42,29.202040073527,-81.034058578602,-24.243555,554603.6892,194049.4794,2.2281,554603.686,554603.693,554603.6892,0.0025,194049.4755,194049.4849,194049.4794,0.0037,2.2249,2.2334,2.2281,0.003,0.0062,0.0004,0.006,0.007,0.0067,0.0005,0.006,0.007,0.0092,0.0002,0.0091,0.0094,0.0144,0.0002,0.0142,0.0147,0.8647,0.8646,0.8648,1.3346,1.3346,1.3346,1.5903,1.5902,1.5903,0.8333,0.0,1.0,23,23,23,0.009,0.015,FIXED,23,1.0,1.59,0.865,1.335,0.944,1.85,0.006,0.007,6,6,0000_BASE_1,4225.64528,2910.31014,3941.52759,5.61e-05,0.0001678,6.872e-05,-4.78e-05,2.134e-05,-6.127e-05,29.1753469711,-81.0632013205,-18.3581,2.0587,USA/NAD83(2011)/Florida (East),"Sokkia,  GRX3, SN:1468-10094, FW:5.6.2+2505070000","C:\Carlson Projects\Data\Geoids\ContinentalUS_NGS2018.gsb N24�00'00.0"" W130�00'00.0"" N58�00'00.0"" W060�00'00.0""","RTCM V3.0, Device: Data Collector GSM or Wifi, Network: NTRIP ORMD"
BICENP_12-09-2025(TDS).rw5,BP 2025-11-25 FINAL,205,2025-12-09 11:26:10,2025-12-09 16:26:24,29.202039364406,-81.034021255732,-24.389139,554603.4656,194059.5475,2.0826,554603.4585,554603.4734,554603.4656,0.0051,194059.5341,194059.5539,194059.5475,0.0068,2.0767,2.085,2.0826,0.0027,0.0068,0.0004,0.006,0.007,0.007,0.0,0.007,0.007,0.0091,0.0001,0.009,0.0092,0.0142,0.0001,0.0141,0.0144,0.8662,0.8661,0.8663,1.3345,1.3345,1.3345,1.591,1.5909,1.591,1.0,1.0,1.0,23,23,23,0.009,0.014,FIXED,23,1.0,1.591,0.866,1.335,0.945,1.851,0.007,0.007,6,6,0000_BASE_1,4235.58866,2911.8943,3941.26593,5.492e-05,0.00016411,6.623e-05,-4.767e-05,2.09e-05,-5.95e-05,29.1753469711,-81.0632013205,-18.3581,2.0587,USA/NAD83(2011)/Florida (East),"Sokkia,  GRX3, SN:1468-10094, FW:5.6.2+2505070000","C:\Carlson Projects\Data\Geoids\ContinentalUS_NGS2018.gsb N24�00'00.0"" W130�00'00.0"" N58�00'00.0"" W060�00'00.0""","RTCM V3.0, Device: Data Collector GSM or Wifi, Network: NTRIP ORMD"
BICENP_12-09-2025(TDS).rw5,BP 2025-11-25 FINAL,206,2025-12-09 11:27:58,2025-12-09 16:28:12,29.202071538703,-81.034095160062,-23.687129,554613.3817,194039.6163,2.7847,554613.3723,554613.3932,554613.3817,0.0088,194039.603,194039.6321,194039.6163,0.0113,2.7812,2.7875,2.7847,0.002,0.0073,0.0005,0.007,0.008,0.008,0.0,0.008,0.008,0.0108,0.0001,0.0107,0.011,0.0169,0.0001,0.0168,0.0172,0.8701,0.87,0.8702,1.3337,1.3337,1.3338,1.5924,1.5924,1.5925,0.8333,0.0,1.0,23,23,23,0.011,0.017,FIXED,23,1.0,1.592,0.87,1.334,0.947,1.853,0.007,0.008,6,6,0000_BASE_1,4215.2342,2912.98677,3950.24548,7.789e-05,0.00023185,9.385e-05,-6.772e-05,2.998e-05,-8.445e-05,29.1753469711,-81.0632013205,-18.3581,2.0587,USA/NAD83(2011)/Florida (East),"Sokkia,  GRX3, SN:1468-10094, FW:5.6.2+2505070000","C:\Carlson Projects\Data\Geoids\ContinentalUS_NGS2018.gsb N24�00'00.0"" W130�00'00.0"" N58�00'00.0"" W060�00'00.0""","RTCM V3.0, Device: Data Collector GSM or Wifi, Network: NTRIP ORMD"
BICENP_12-09-2025(TDS).rw5,BP 2025-11-25 FINAL,207,2025-12-09 11:29:27,2025-12-09 16:29:42,29.202071857088,-81.034058421994,-24.459047,554613.4745,194049.5268,2.0128,554613.4689,554613.4795,554613.4745,0.0036,194049.523,194049.5292,194049.5268,0.0021,2.0064,2.0153,2.0128,0.0029,0.0078,0.0004,0.007,0.008,0.0078,0.0004,0.007,0.008,0.0109,0.0003,0.0104,0.0113,0.0167,0.0002,0.0164,0.017,0.7987,0.7837,0.8734,1.1265,1.0852,1.3325,1.3811,1.3386,1.5932,1.0,1.0,1.0,23,23,24,0.01,0.016,FIXED,24,1.0,1.593,0.873,1.332,0.948,1.854,0.007,0.007,6,6,0000_BASE_1,4224.91281,2915.2389,3949.95271,7.72e-05,0.00022088,9.858e-05,-6.009e-05,2.936e-05,-8.415e-05,29.1753469711,-81.0632013205,-18.3581,2.0587,USA/NAD83(2011)/Florida (East),"Sokkia,  GRX3, SN:1468-10094, FW:5.6.2+2505070000","C:\Carlson Projects\Data\Geoids\ContinentalUS_NGS2018.gsb N24�00'00.0"" W130�00'00.0"" N58�00'00.0"" W060�00'00.0""","RTCM V3.0, Device: Data Collector GSM or Wifi, Network: NTRIP ORMD"
BICENP_12-09-2025(TDS).rw5,BP 2025-11-25 FINAL,208,2025-12-09 11:31:12,2025-12-09 16:31:27,29.202104324699,-81.034095835247,-24.143141,554623.4758,194039.4394,2.3288,554623.474,554623.4773,554623.4758,0.0013,194039.435,194039.4466,194039.4394,0.0036,2.3252,2.3331,2.3288,0.0028,0.0063,0.0005,0.006,0.007,0.007,0.0,0.007,0.007,0.0093,0.0001,0.0091,0.0094,0.0151,0.0002,0.0149,0.0153,0.9093,0.9092,0.9094,1.44,1.4399,1.4401,1.7031,1.7029,1.7032,1.0,1.0,1.0,22,22,22,0.009,0.015,FIXED,22,1.0,1.703,0.909,1.44,1.068,2.01,0.006,0.007,6,6,0000_BASE_1,4214.22399,2918.23719,3958.8218,5.645e-05,0.00018005,7.845e-05,-4.933e-05,2.1e-05,-7.302e-05,29.1753469711,-81.0632013205,-18.3581,2.0587,USA/NAD83(2011)/Florida (East),"Sokkia,  GRX3, SN:1468-10094, FW:5.6.2+2505070000","C:\Carlson Projects\Data\Geoids\ContinentalUS_NGS2018.gsb N24�00'00.0"" W130�00'00.0"" N58�00'00.0"" W060�00'00.0""","RTCM V3.0, Device: Data Collector GSM or Wifi, Network: NTRIP ORMD"
BICENP_12-09-2025(TDS).rw5,BP 2025-11-25 FINAL,209,2025-12-09 11:32:16,2025-12-09 16:32:31,29.202104169898,-81.03405780336,-24.431577,554623.4227,194049.6989,2.0404,554623.4204,554623.427,554623.4227,0.0022,194049.6885,194049.7046,194049.6989,0.0052,2.0363,2.0452,2.0404,0.0029,0.007,0.0,0.007,0.007,0.0073,0.0005,0.007,0.008,0.0105,0.0001,0.0103,0.0108,0.0166,0.0005,0.0162,0.0175,0.8249,0.8249,0.8249,1.2219,1.2217,1.2222,1.4743,1.4741,1.4745,0.8333,0.0,1.0,22,22,23,0.01,0.016,FIXED,23,1.0,1.475,0.825,1.222,0.932,1.744,0.007,0.007,6,6,0000_BASE_1,4224.32397,2920.05668,3958.63893,6.822e-05,0.0002127,0.00010481,-4.877e-05,2.422e-05,-9.141e-05,29.1753469711,-81.0632013205,-18.3581,2.0587,USA/NAD83(2011)/Florida (East),"Sokkia,  GRX3, SN:1468-10094, FW:5.6.2+2505070000","C:\Carlson Projects\Data\Geoids\ContinentalUS_NGS2018.gsb N24�00'00.0"" W130�00'00.0"" N58�00'00.0"" W060�00'00.0""","RTCM V3.0, Device: Data Collector GSM or Wifi, Network: NTRIP ORMD"
BICENP_12-09-2025(TDS).rw5,BP 2025-11-25 FINAL,210,2025-12-09 11:33:27,2025-12-09 16:33:42,29.202136565161,-81.034095835553,-24.383008,554633.4018,194039.4446,2.0891,554633.3944,554633.4065,554633.4018,0.0041,194039.4404,194039.4477,194039.4446,0.0026,2.0816,2.097,2.0891,0.0053,0.0078,0.0004,0.007,0.008,0.008,0.0,0.008,0.008,0.0111,0.0001,0.0109,0.0112,0.0182,0.0002,0.0179,0.0184,0.9129,0.9128,0.913,1.4439,1.4438,1.444,1.7083,1.7082,1.7084,0.8333,0.0,1.0,22,22,22,0.011,0.018,FIXED,22,1.0,1.708,0.913,1.444,1.074,2.018,0.008,0.008,6,6,0000_BASE_1,4213.4357,2923.24848,3967.3576,8.199e-05,0.00026103,0.00011183,-7.339e-05,3.142e-05,-0.00010525,29.1753469711,-81.0632013205,-18.3581,2.0587,USA/NAD83(2011)/Florida (East),"Sokkia,  GRX3, SN:1468-10094, FW:5.6.2+2505070000","C:\Carlson Projects\Data\Geoids\ContinentalUS_NGS2018.gsb N24�00'00.0"" W130�00'00.0"" N58�00'00.0"" W060�00'00.0""","RTCM V3.0, Device: Data Collector GSM or Wifi, Network: NTRIP ORMD"
BICENP_12-09-2025(TDS).rw5,BP 2025-11-25 FINAL,211,2025-12-09 11:34:12,2025-12-09 16:34:27,29.202136316216,-81.034058467857,-24.484854,554633.3199,194049.5248,1.9873,554633.3135,554633.3276,554633.3199,0.0057,194049.5115,194049.5336,194049.5248,0.007,1.9852,1.9913,1.9873,0.002,0.009,0.0,0.009,0.009,0.009,0.0,0.009,0.009,0.0125,0.0001,0.0124,0.0126,0.0203,0.0005,0.0195,0.0209,0.8557,0.8266,0.914,1.3045,1.2341,1.4449,1.5602,1.4854,1.7097,1.0,1.0,1.0,22,22,23,0.013,0.02,FIXED,23,1.0,1.486,0.827,1.234,0.942,1.759,0.009,0.009,6,6,0000_BASE_1,4223.38614,2924.86542,3967.24088,0.00010052,0.00032231,0.00014413,-8.297e-05,3.773e-05,-0.00013279,29.1753469711,-81.0632013205,-18.3581,2.0587,USA/NAD83(2011)/Florida (East),"Sokkia,  GRX3, SN:1468-10094, FW:5.6.2+2505070000","C:\Carlson Projects\Data\Geoids\ContinentalUS_NGS2018.gsb N24�00'00.0"" W130�00'00.0"" N58�00'00.0"" W060�00'00.0""","RTCM V3.0, Device: Data Collector GSM or Wifi, Network: NTRIP ORMD"
BICENP_12-09-2025(TDS).rw5,BP 2025-11-25 FINAL,212,2025-12-09 11:35:55,2025-12-09 16:36:07,29.202168884156,-81.034133339751,-23.78002,554643.3573,194029.3327,2.6922,554643.3497,554643.3647,554643.3573,0.005,194029.3278,194029.3376,194029.3327,0.0031,2.6887,2.6952,2.6922,0.002,0.0083,0.0005,0.008,0.009,0.009,0.0,0.009,0.009,0.0122,0.0002,0.012,0.0125,0.0202,0.0003,0.0198,0.0207,0.9167,0.9166,0.9168,1.4467,1.4467,1.4467,1.7127,1.7126,1.7128,0.8333,0.0,1.0,22,22,22,0.012,0.02,FIXED,22,1.0,1.713,0.917,1.447,1.079,2.025,0.009,0.009,6,6,0000_BASE_1,4202.76503,2925.97365,3976.32745,0.00010071,0.00032047,0.0001338,-9.306e-05,3.952e-05,-0.00012801,29.1753469711,-81.0632013205,-18.3581,2.0587,USA/NAD83(2011)/Florida (East),"Sokkia,  GRX3, SN:1468-10094, FW:5.6.2+2505070000","C:\Carlson Projects\Data\Geoids\ContinentalUS_NGS2018.gsb N24�00'00.0"" W130�00'00.0"" N58�00'00.0"" W060�00'00.0""","RTCM V3.0, Device: Data Collector GSM or Wifi, Network: NTRIP ORMD"
BICENP_12-09-2025(TDS).rw5,BP 2025-11-25 FINAL,213,2025-12-09 11:37:04,2025-12-09 16:37:19,29.202169319399,-81.034095099688,-24.3433,554643.4859,194039.6484,2.129,554643.4819,554643.4893,554643.4859,0.0024,194039.6445,194039.6513,194039.6484,0.0023,2.1251,2.1332,2.129,0.0027,0.008,0.0,0.008,0.008,0.008,0.0,0.008,0.008,0.0111,0.0002,0.0109,0.0114,0.0167,0.0002,0.0165,0.0173,0.769,0.769,0.769,1.0808,1.0806,1.081,1.3265,1.3263,1.3266,1.0,1.0,1.0,24,24,24,0.011,0.017,FIXED,24,1.0,1.327,0.769,1.081,0.781,1.54,0.008,0.008,6,6,0000_BASE_1,4212.86942,2928.12646,3976.16827,7.245e-05,0.0002133,0.00011675,-4.409e-05,2.429e-05,-9.373e-05,29.1753469711,-81.0632013205,-18.3581,2.0587,USA/NAD83(2011)/Florida (East),"Sokkia,  GRX3, SN:1468-10094, FW:5.6.2+2505070000","C:\Carlson Projects\Data\Geoids\ContinentalUS_NGS2018.gsb N24�00'00.0"" W130�00'00.0"" N58�00'00.0"" W060�00'00.0""","RTCM V3.0, Device: Data Collector GSM or Wifi, Network: NTRIP ORMD"
